,country,date,individuals,centroid_lon,centroid_lat,lat_max,lon_max,lan_min,lon_min,source
0,Poland,06 September 2022,5951510,19.4013,52.1224,55.46950578,26.4013,48.02154912,12.4013,"UNHCR, Government"
1,Russian Federation,05 September 2022,2490480,38.15560781,51.48885014,55.99145645,40.35573304,51.72774216,34.81290446,"UNHCR, Government"
2,Hungary,06 September 2022,1338276,19.4131,47.1672,54.1672,26.58888125,43.76006098,12.4131,"UNHCR, Government"
3,Romania,04 September 2022,1169027,25.3,45.8667,52.8667,32.3,38.8667,18.3,"UNHCR, Government"
4,Slovakia,06 September 2022,757851,19.4864,48.7062,55.7062,26.4864,41.7062,12.4864,"UNHCR, Government"
5,Republic of Moldova,06 September 2022,600582,28.4646,47.1976,49.01963843,31.68530313,45.04427345,25.06811563,"UNHCR, Government"
6,Belarus,06 September 2022,16704,28.0463,53.5384,57.83893355,33.72794063,48.49689395,21.0463,"UNHCR, Government"
7,Poland,30 August 2022,5796748,19.4013,52.1224,55.46950578,26.4013,48.02154912,12.4013,"UNHCR, Government"
8,Russian Federation,30 August 2022,2414075,38.15560781,51.48885014,55.99145645,40.35573304,51.72774216,34.81290446,"UNHCR, Government"
9,Hungary,30 August 2022,1292632,19.4131,47.1672,54.1672,26.58888125,43.76006098,12.4131,"UNHCR, Government"
10,Romania,28 August 2022,1127998,25.3,45.8667,52.8667,32.3,38.8667,18.3,"UNHCR, Government"
11,Slovakia,30 August 2022,736387,19.4864,48.7062,55.7062,26.4864,41.7062,12.4864,"UNHCR, Government"
12,Republic of Moldova,30 August 2022,591957,28.4646,47.1976,49.01963843,31.68530313,45.04427345,25.06811563,"UNHCR, Government"
13,Belarus,30 August 2022,16701,28.0463,53.5384,57.83893355,33.72794063,48.49689395,21.0463,"UNHCR, Government"
14,Poland,23 August 2022,5625142,19.4013,52.1224,55.46950578,26.4013,48.02154912,12.4013,"UNHCR, Government"
15,Russian Federation,23 August 2022,2308790,38.15560781,51.48885014,55.99145645,40.35573304,51.72774216,34.81290446,"UNHCR, Government"
16,Hungary,23 August 2022,1242352,19.4131,47.1672,54.1672,26.58888125,43.76006098,12.4131,"UNHCR, Government"
17,Slovakia,23 August 2022,713588,19.4864,48.7062,55.7062,26.4864,41.7062,12.4864,"UNHCR, Government"
18,Republic of Moldova,23 August 2022,585614,28.4646,47.1976,49.01963843,31.68530313,45.04427345,25.06811563,"UNHCR, Government"
19,Belarus,23 August 2022,16692,28.0463,53.5384,57.83893355,33.72794063,48.49689395,21.0463,"UNHCR, Government"
20,Poland,16 August 2022,5439431,19.4013,52.1224,55.46950578,26.4013,48.02154912,12.4013,"UNHCR, Government"
21,Russian Federation,16 August 2022,2197679,38.15560781,51.48885014,55.99145645,40.35573304,51.72774216,34.81290446,"UNHCR, Government"
22,Hungary,16 August 2022,1188983,19.4131,47.1672,54.1672,26.58888125,43.76006098,12.4131,"UNHCR, Government"
23,Slovakia,16 August 2022,690337,19.4864,48.7062,55.7062,26.4864,41.7062,12.4864,"UNHCR, Government"
24,Poland,15 August 2022,5415305,19.4013,52.1224,55.46950578,26.4013,48.02154912,12.4013,"UNHCR, Government"
25,Hungary,15 August 2022,1182013,19.4131,47.1672,54.1672,26.58888125,43.76006098,12.4131,"UNHCR, Government"
26,Romania,14 August 2022,1044292,25.3,45.8667,52.8667,32.3,38.8667,18.3,"UNHCR, Government"
27,Slovakia,15 August 2022,687368,19.4864,48.7062,55.7062,26.4864,41.7062,12.4864,"UNHCR, Government"
28,Republic of Moldova,15 August 2022,573228,28.4646,47.1976,49.01963843,31.68530313,45.04427345,25.06811563,"UNHCR, Government"
29,Belarus,15 August 2022,16689,28.0463,53.5384,57.83893355,33.72794063,48.49689395,21.0463,"UNHCR, Government"
30,Hungary,11 August 2022,1151781,19.4131,47.1672,54.1672,26.58888125,43.76006098,12.4131,"UNHCR, Government"
31,Poland,09 August 2022,5269285,19.4013,52.1224,55.46950578,26.4013,48.02154912,12.4013,"UNHCR, Government"
32,Hungary,09 August 2022,1137559,19.4131,47.1672,54.1672,26.58888125,43.76006098,12.4131,"UNHCR, Government"
33,Romania,07 August 2022,998516,25.3,45.8667,52.8667,32.3,38.8667,18.3,"UNHCR, Government"
34,Slovakia,09 August 2022,668195,19.4864,48.7062,55.7062,26.4864,41.7062,12.4864,"UNHCR, Government"
35,Republic of Moldova,09 August 2022,565543,28.4646,47.1976,49.01963843,31.68530313,45.04427345,25.06811563,"UNHCR, Government"
36,Belarus,09 August 2022,16685,28.0463,53.5384,57.83893355,33.72794063,48.49689395,21.0463,"UNHCR, Government"
37,Poland,08 August 2022,5247980,19.4013,52.1224,55.46950578,26.4013,48.02154912,12.4013,"UNHCR, Government"
38,Russian Federation,08 August 2022,2063463,38.15560781,51.48885014,55.99145645,40.35573304,51.72774216,34.81290446,"UNHCR, Government"
39,Hungary,08 August 2022,1131385,19.4131,47.1672,54.1672,26.58888125,43.76006098,12.4131,"UNHCR, Government"
40,Slovakia,08 August 2022,665796,19.4864,48.7062,55.7062,26.4864,41.7062,12.4864,"UNHCR, Government"
41,Republic of Moldova,03 August 2022,558332,28.4646,47.1976,49.01963843,31.68530313,45.04427345,25.06811563,"UNHCR, Government"
42,Belarus,08 August 2022,16685,28.0463,53.5384,57.83893355,33.72794063,48.49689395,21.0463,"UNHCR, Government"
43,Russian Federation,02 August 2022,1968127,38.15560781,51.48885014,55.99145645,40.35573304,51.72774216,34.81290446,"UNHCR, Government"
44,Romania,02 August 2022,964874,25.3,45.8667,52.8667,32.3,38.8667,18.3,"UNHCR, Government"
45,Republic of Moldova,02 August 2022,557166,28.4646,47.1976,49.01963843,31.68530313,45.04427345,25.06811563,"UNHCR, Government"
46,Poland,02 August 2022,5105850,19.4013,52.1224,55.46950578,26.4013,48.02154912,12.4013,"UNHCR, Government"
47,Hungary,02 August 2022,1089277,19.4131,47.1672,54.1672,26.58888125,43.76006098,12.4131,"UNHCR, Government"
48,Slovakia,02 August 2022,648512,19.4864,48.7062,55.7062,26.4864,41.7062,12.4864,"UNHCR, Government"
49,Republic of Moldova,01 August 2022,555903,28.4646,47.1976,49.01963843,31.68530313,45.04427345,25.06811563,"UNHCR, Government"
50,Belarus,02 August 2022,16683,28.0463,53.5384,57.83893355,33.72794063,48.49689395,21.0463,"UNHCR, Government"
51,Poland,01 August 2022,5084448,19.4013,52.1224,55.46950578,26.4013,48.02154912,12.4013,"UNHCR, Government"
52,Russian Federation,01 August 2022,1952037,38.15560781,51.48885014,55.99145645,40.35573304,51.72774216,34.81290446,"UNHCR, Government"
53,Hungary,01 August 2022,1082649,19.4131,47.1672,54.1672,26.58888125,43.76006098,12.4131,"UNHCR, Government"
54,Romania,31 July 2022,953086,25.3,45.8667,52.8667,32.3,38.8667,18.3,"UNHCR, Government"
55,Slovakia,01 August 2022,645819,19.4864,48.7062,55.7062,26.4864,41.7062,12.4864,"UNHCR, Government"
56,Republic of Moldova,31 July 2022,555318,28.4646,47.1976,49.01963843,31.68530313,45.04427345,25.06811563,"UNHCR, Government"
57,Belarus,01 August 2022,16682,28.0463,53.5384,57.83893355,33.72794063,48.49689395,21.0463,"UNHCR, Government"
58,Poland,26 July 2022,4944264,19.4013,52.1224,55.46950578,26.4013,48.02154912,12.4013,"UNHCR, Government"
59,Russian Federation,26 July 2022,1857122,38.15560781,51.48885014,55.99145645,40.35573304,51.72774216,34.81290446,"UNHCR, Government"
60,Hungary,26 July 2022,1041762,19.4131,47.1672,54.1672,26.58888125,43.76006098,12.4131,"UNHCR, Government"
61,Slovakia,26 July 2022,627555,19.4864,48.7062,55.7062,26.4864,41.7062,12.4864,"UNHCR, Government"
62,Republic of Moldova,26 July 2022,549333,28.4646,47.1976,49.01963843,31.68530313,45.04427345,25.06811563,"UNHCR, Government"
63,Belarus,26 July 2022,16680,28.0463,53.5384,57.83893355,33.72794063,48.49689395,21.0463,"UNHCR, Government"
64,Poland,25 July 2022,4923640,19.4013,52.1224,55.46950578,26.4013,48.02154912,12.4013,"UNHCR, Government"
65,Russian Federation,24 July 2022,1826235,38.15560781,51.48885014,55.99145645,40.35573304,51.72774216,34.81290446,"UNHCR, Government"
66,Hungary,25 July 2022,1035773,19.4131,47.1672,54.1672,26.58888125,43.76006098,12.4131,"UNHCR, Government"
67,Romania,21 July 2022,890168,25.3,45.8667,52.8667,32.3,38.8667,18.3,"UNHCR, Government"
68,Slovakia,25 July 2022,625553,19.4864,48.7062,55.7062,26.4864,41.7062,12.4864,"UNHCR, Government"
69,Republic of Moldova,25 July 2022,548030,28.4646,47.1976,49.01963843,31.68530313,45.04427345,25.06811563,"UNHCR, Government"
70,Belarus,25 July 2022,16680,28.0463,53.5384,57.83893355,33.72794063,48.49689395,21.0463,"UNHCR, Government"
71,Russian Federation,19 July 2022,1745800,38.15560781,51.48885014,55.99145645,40.35573304,51.72774216,34.81290446,"UNHCR, Government"
72,Republic of Moldova,19 July 2022,541323,28.4646,47.1976,49.01963843,31.68530313,45.04427345,25.06811563,"UNHCR, Government"
73,Poland,19 July 2022,4787154,19.4013,52.1224,55.46950578,26.4013,48.02154912,12.4013,"UNHCR, Government"
74,Russian Federation,18 July 2022,1728407,38.15560781,51.48885014,55.99145645,40.35573304,51.72774216,34.81290446,"UNHCR, Government"
75,Hungary,19 July 2022,995637,19.4131,47.1672,54.1672,26.58888125,43.76006098,12.4131,"UNHCR, Government"
76,Romania,18 July 2022,870241,25.3,45.8667,52.8667,32.3,38.8667,18.3,"UNHCR, Government"
77,Slovakia,19 July 2022,610201,19.4864,48.7062,55.7062,26.4864,41.7062,12.4864,"UNHCR, Government"
78,Republic of Moldova,18 July 2022,539652,28.4646,47.1976,49.01963843,31.68530313,45.04427345,25.06811563,"UNHCR, Government"
79,Belarus,19 July 2022,16677,28.0463,53.5384,57.83893355,33.72794063,48.49689395,21.0463,"UNHCR, Government"
80,Poland,12 July 2022,4627610,19.4013,52.1224,55.46950578,26.4013,48.02154912,12.4013,"UNHCR, Government"
81,Poland,11 July 2022,4608154,19.4013,52.1224,55.46950578,26.4013,48.02154912,12.4013,"UNHCR, Government"
82,Russian Federation,12 July 2022,1625231,38.15560781,51.48885014,55.99145645,40.35573304,51.72774216,34.81290446,"UNHCR, Government"
83,Romania,12 July 2022,831957,25.3,45.8667,52.8667,32.3,38.8667,18.3,"UNHCR, Government"
84,Slovakia,12 July 2022,589147,19.4864,48.7062,55.7062,26.4864,41.7062,12.4864,"UNHCR, Government"
85,Hungary,12 July 2022,949664,19.4131,47.1672,54.1672,26.58888125,43.76006098,12.4131,"UNHCR, Government"
86,Republic of Moldova,12 July 2022,531869,28.4646,47.1976,49.01963843,31.68530313,45.04427345,25.06811563,"UNHCR, Government"
87,Belarus,12 July 2022,16675,28.0463,53.5384,57.83893355,33.72794063,48.49689395,21.0463,"UNHCR, Government"
88,Romania,05 July 2022,786839,25.3,45.8667,52.8667,32.3,38.8667,18.3,"UNHCR, Government"
89,Poland,05 July 2022,4472349,19.4013,52.1224,55.46950578,26.4013,48.02154912,12.4013,"UNHCR, Government"
90,Russian Federation,05 July 2022,1518394,38.15560781,51.48885014,55.99145645,40.35573304,51.72774216,34.81290446,"UNHCR, Government"
91,Hungary,05 July 2022,905104,19.4131,47.1672,54.1672,26.58888125,43.76006098,12.4131,"UNHCR, Government"
92,Romania,04 July 2022,781288,25.3,45.8667,52.8667,32.3,38.8667,18.3,"UNHCR, Government"
93,Slovakia,05 July 2022,569702,19.4864,48.7062,55.7062,26.4864,41.7062,12.4864,"UNHCR, Government"
94,Republic of Moldova,05 July 2022,523707,28.4646,47.1976,49.01963843,31.68530313,45.04427345,25.06811563,"UNHCR, Government"
95,Belarus,04 July 2022,16668,28.0463,53.5384,57.83893355,33.72794063,48.49689395,21.0463,"UNHCR, Government"
96,Poland,28 June 2022,4312612,19.4013,52.1224,55.46950578,26.4013,48.02154912,12.4013,"UNHCR, Government"
97,Russian Federation,28 June 2022,1412429,38.15560781,51.48885014,55.99145645,40.35573304,51.72774216,34.81290446,"UNHCR, Government"
98,Hungary,28 June 2022,860908,19.4131,47.1672,54.1672,26.58888125,43.76006098,12.4131,"UNHCR, Government"
99,Romania,27 June 2022,736083,25.3,45.8667,52.8667,32.3,38.8667,18.3,"UNHCR, Government"
100,Slovakia,28 June 2022,548210,19.4864,48.7062,55.7062,26.4864,41.7062,12.4864,"UNHCR, Government"
101,Republic of Moldova,28 June 2022,515432,28.4646,47.1976,49.01963843,31.68530313,45.04427345,25.06811563,"UNHCR, Government"
102,Belarus,28 June 2022,16662,28.0463,53.5384,57.83893355,33.72794063,48.49689395,21.0463,"UNHCR, Government"
103,Poland,21 June 2022,4146144,19.4013,52.1224,55.46950578,26.4013,48.02154912,12.4013,"UNHCR, Government"
104,Russian Federation,21 June 2022,1305018,38.15560781,51.48885014,55.99145645,40.35573304,51.72774216,34.81290446,"UNHCR, Government"
105,Hungary,21 June 2022,814607,19.4131,47.1672,54.1672,26.58888125,43.76006098,12.4131,"UNHCR, Government"
106,Romania,21 June 2022,691413,25.3,45.8667,52.8667,32.3,38.8667,18.3,"UNHCR, Government"
107,Slovakia,21 June 2022,525620,19.4864,48.7062,55.7062,26.4864,41.7062,12.4864,"UNHCR, Government"
108,Republic of Moldova,21 June 2022,507552,28.4646,47.1976,49.01963843,31.68530313,45.04427345,25.06811563,"UNHCR, Government"
109,Belarus,20 June 2022,16660,28.0463,53.5384,57.83893355,33.72794063,48.49689395,21.0463,"UNHCR, Government"
110,Poland,15 June 2022,4001921,19.4013,52.1224,55.46950578,26.4013,48.02154912,12.4013,"UNHCR, Government"
111,Russian Federation,16 June 2022,1230800,38.15560781,51.48885014,55.99145645,40.35573304,51.72774216,34.81290446,"UNHCR, Government"
112,Hungary,16 June 2022,782742,19.4131,47.1672,54.1672,26.58888125,43.76006098,12.4131,"UNHCR, Government"
113,Romania,16 June 2022,659009,25.3,45.8667,52.8667,32.3,38.8667,18.3,"UNHCR, Government"
114,Slovakia,16 June 2022,510014,19.4864,48.7062,55.7062,26.4864,41.7062,12.4864,"UNHCR, Government"
115,Republic of Moldova,16 June 2022,502716,28.4646,47.1976,49.01963843,31.68530313,45.04427345,25.06811563,"UNHCR, Government"
116,Belarus,15 June 2022,16655,28.0463,53.5384,57.83893355,33.72794063,48.49689395,21.0463,"UNHCR, Government"
117,Russian Federation,13 June 2022,1188807,38.15560781,51.48885014,55.99145645,40.35573304,51.72774216,34.81290446,"UNHCR, Government"
118,Belarus,14 June 2022,16654,28.0463,53.5384,57.83893355,33.72794063,48.49689395,21.0463,"UNHCR, Government"
119,Poland,13 June 2022,3954957,19.4013,52.1224,55.46950578,26.4013,48.02154912,12.4013,"UNHCR, Government"
120,Hungary,13 June 2022,764216,19.4131,47.1672,54.1672,26.58888125,43.76006098,12.4131,"UNHCR, Government"
121,Romania,13 June 2022,642159,25.3,45.8667,52.8667,32.3,38.8667,18.3,"UNHCR, Government"
122,Slovakia,13 June 2022,501335,19.4864,48.7062,55.7062,26.4864,41.7062,12.4864,"UNHCR, Government"
123,Republic of Moldova,13 June 2022,498896,28.4646,47.1976,49.01963843,31.68530313,45.04427345,25.06811563,"UNHCR, Government"
124,Belarus,13 June 2022,16654,28.0463,53.5384,57.83893355,33.72794063,48.49689395,21.0463,"UNHCR, Government"
125,Poland,09 June 2022,3864723,19.4013,52.1224,55.46950578,26.4013,48.02154912,12.4013,"UNHCR, Government"
126,Russian Federation,09 June 2022,1136243,38.15560781,51.48885014,55.99145645,40.35573304,51.72774216,34.81290446,"UNHCR, Government"
127,Hungary,09 June 2022,741504,19.4131,47.1672,54.1672,26.58888125,43.76006098,12.4131,"UNHCR, Government"
128,Romania,09 June 2022,622929,25.3,45.8667,52.8667,32.3,38.8667,18.3,"UNHCR, Government"
129,Republic of Moldova,09 June 2022,494421,28.4646,47.1976,49.01963843,31.68530313,45.04427345,25.06811563,"UNHCR, Government"
130,Slovakia,08 June 2022,487153,19.4864,48.7062,55.7062,26.4864,41.7062,12.4864,"UNHCR, Government"
131,Belarus,08 June 2022,16650,28.0463,53.5384,57.83893355,33.72794063,48.49689395,21.0463,"UNHCR, Government"
132,Poland,07 June 2022,3817564,19.4013,52.1224,55.46950578,26.4013,48.02154912,12.4013,"UNHCR, Government"
133,Russian Federation,07 June 2022,1116387,38.15560781,51.48885014,55.99145645,40.35573304,51.72774216,34.81290446,"UNHCR, Government"
134,Hungary,07 June 2022,731098,19.4131,47.1672,54.1672,26.58888125,43.76006098,12.4131,"UNHCR, Government"
135,Romania,07 June 2022,613435,25.3,45.8667,52.8667,32.3,38.8667,18.3,"UNHCR, Government"
136,Republic of Moldova,07 June 2022,491144,28.4646,47.1976,49.01963843,31.68530313,45.04427345,25.06811563,"UNHCR, Government"
137,Slovakia,07 June 2022,484661,19.4864,48.7062,55.7062,26.4864,41.7062,12.4864,"UNHCR, Government"
138,Belarus,07 June 2022,16650,28.0463,53.5384,57.83893355,33.72794063,48.49689395,21.0463,"UNHCR, Government"
139,Poland,01 June 2022,3690089,19.4013,52.1224,55.46950578,26.4013,48.02154912,12.4013,"UNHCR, Government"
140,Russian Federation,01 June 2022,1041095,38.15560781,51.48885014,55.99145645,40.35573304,51.72774216,34.81290446,"UNHCR, Government"
141,Hungary,01 June 2022,698420,19.4131,47.1672,54.1672,26.58888125,43.76006098,12.4131,"UNHCR, Government"
142,Romania,01 June 2022,587219,25.3,45.8667,52.8667,32.3,38.8667,18.3,"UNHCR, Government"
143,Republic of Moldova,01 June 2022,483306,28.4646,47.1976,49.01963843,31.68530313,45.04427345,25.06811563,"UNHCR, Government"
144,Slovakia,31 May 2022,466264,19.4864,48.7062,55.7062,26.4864,41.7062,12.4864,"UNHCR, Government"
145,Belarus,01 June 2022,16648,28.0463,53.5384,57.83893355,33.72794063,48.49689395,21.0463,"UNHCR, Government"
146,Poland,29 May 2022,3627178,19.4013,52.1224,55.46950578,26.4013,48.02154912,12.4013,0
147,Hungary,29 May 2022,682594,19.4131,47.1672,54.1672,26.58888125,43.76006098,12.4131,0
148,Republic of Moldova,29 May 2022,479513,28.4646,47.1976,49.01963843,31.68530313,45.04427345,25.06811563,0
149,Slovakia,29 May 2022,461164,19.4864,48.7062,55.7062,26.4864,41.7062,12.4864,0
150,Belarus,29 May 2022,16552,28.0463,53.5384,57.83893355,33.72794063,48.49689395,21.0463,0
151,Poland,27 May 2022,3581612,19.4013,52.1224,55.46950578,26.4013,48.02154912,12.4013,0
152,Hungary,27 May 2022,671463,19.4131,47.1672,54.1672,26.58888125,43.76006098,12.4131,0
153,Romania,27 May 2022,563569,25.3,45.8667,52.8667,32.3,38.8667,18.3,0
154,Republic of Moldova,27 May 2022,477637,28.4646,47.1976,49.01963843,31.68530313,45.04427345,25.06811563,0
155,Slovakia,27 May 2022,454961,19.4864,48.7062,55.7062,26.4864,41.7062,12.4864,0
156,Poland,26 May 2022,3559394,19.4013,52.1224,55.46950578,26.4013,48.02154912,12.4013,0
157,Russian Federation,26 May 2022,971417,38.15560781,51.48885014,59.0670551,36.95829774,54.99876939,31.66952631,0
158,Hungary,26 May 2022,665533,19.4131,47.1672,54.1672,26.58888125,43.76006098,12.4131,0
159,Romania,26 May 2022,559378,25.3,45.8667,52.8667,32.3,38.8667,18.3,0
160,Republic of Moldova,26 May 2022,476290,28.4646,47.1976,49.01963843,31.68530313,45.04427345,25.06811563,0
161,Slovakia,26 May 2022,451850,19.4864,48.7062,55.7062,26.4864,41.7062,12.4864,0
162,Belarus,26 May 2022,16549,28.0463,53.5384,57.83893355,33.72794063,48.49689395,21.0463,0
163,Russian Federation,25 May 2022,958060,38.15560781,51.48885014,59.0670551,36.95829774,54.99876939,31.66952631,0
164,Hungary,25 May 2022,660192,19.4131,47.1672,54.1672,26.58888125,43.76006098,12.4131,0
165,Romania,25 May 2022,554906,25.3,45.8667,52.8667,32.3,38.8667,18.3,0
166,Republic of Moldova,25 May 2022,475011,28.4646,47.1976,49.01963843,31.68530313,45.04427345,25.06811563,0
167,Slovakia,25 May 2022,449509,19.4864,48.7062,55.7062,26.4864,41.7062,12.4864,0
168,Belarus,25 May 2022,16547,28.0463,53.5384,57.83893355,33.72794063,48.49689395,21.0463,0
169,Poland,24 May 2022,3544995,19.4013,52.1224,55.46950578,26.4013,48.02154912,12.4013,0
170,Russian Federation,24 May 2022,945007,38.15560781,51.48885014,59.0670551,36.95829774,54.99876939,31.66952631,0
171,Hungary,24 May 2022,654664,19.4131,47.1672,54.1672,26.58888125,43.76006098,12.4131,0
172,Romania,24 May 2022,550240,25.3,45.8667,52.8667,32.3,38.8667,18.3,0
173,Republic of Moldova,24 May 2022,473690,28.4646,47.1976,49.01963843,31.68530313,45.04427345,25.06811563,0
174,Slovakia,24 May 2022,446755,19.4864,48.7062,55.7062,26.4864,41.7062,12.4864,0
175,Poland,23 May 2022,3524205,19.4013,52.1224,55.46950578,26.4013,48.02154912,12.4013,0
176,Russian Federation,23 May 2022,932220,38.15560781,51.48885014,59.0670551,36.95829774,54.99876939,31.66952631,0
177,Hungary,23 May 2022,649352,19.4131,47.1672,54.1672,26.58888125,43.76006098,12.4131,0
178,Romania,23 May 2022,545845,25.3,45.8667,52.8667,32.3,38.8667,18.3,0
179,Republic of Moldova,23 May 2022,472377,28.4646,47.1976,49.01963843,31.68530313,45.04427345,25.06811563,0
180,Slovakia,23 May 2022,444368,19.4864,48.7062,55.7062,26.4864,41.7062,12.4864,0
181,Poland,22 May 2022,3505890,19.4013,52.1224,55.46950578,26.4013,48.02154912,12.4013,0
182,Russian Federation,22 May 2022,919934,38.15560781,51.48885014,59.0670551,36.95829774,54.99876939,31.66952631,0
183,Hungary,22 May 2022,644474,19.4131,47.1672,54.1672,26.58888125,43.76006098,12.4131,0
184,Romania,22 May 2022,541826,25.3,45.8667,52.8667,32.3,38.8667,18.3,0
185,Republic of Moldova,22 May 2022,471223,28.4646,47.1976,49.01963843,31.68530313,45.04427345,25.06811563,0
186,Slovakia,22 May 2022,442316,19.4864,48.7062,55.7062,26.4864,41.7062,12.4864,0
187,Poland,20 May 2022,3463320,19.4013,52.1224,55.46950578,26.4013,48.02154912,12.4013,0
188,Hungary,20 May 2022,633219,19.4131,47.1672,54.1672,26.58888125,43.76006098,12.4131,0
189,Republic of Moldova,20 May 2022,468998,28.4646,47.1976,49.01963843,31.68530313,45.04427345,25.06811563,0
190,Slovakia,20 May 2022,435660,19.4864,48.7062,55.7062,26.4864,41.7062,12.4864,0
191,Poland,19 May 2022,3439857,19.4013,52.1224,55.46950578,26.4013,48.02154912,12.4013,0
192,Russian Federation,19 May 2022,887651,38.15560781,51.48885014,59.0670551,36.95829774,54.99876939,31.66952631,0
193,Hungary,19 May 2022,626548,19.4131,47.1672,54.1672,26.58888125,43.76006098,12.4131,0
194,Romania,19 May 2022,527853,25.3,45.8667,52.8667,32.3,38.8667,18.3,0
195,Republic of Moldova,19 May 2022,467636,28.4646,47.1976,49.01963843,31.68530313,45.04427345,25.06811563,0
196,Slovakia,19 May 2022,432502,19.4864,48.7062,55.7062,26.4864,41.7062,12.4864,0
197,Poland,18 May 2022,3418077,19.4013,52.1224,55.46950578,26.4013,48.02154912,12.4013,0
198,Russian Federation,18 May 2022,875597,38.15560781,51.48885014,59.0670551,36.95829774,54.99876939,31.66952631,0
199,Hungary,18 May 2022,620846,19.4131,47.1672,54.1672,26.58888125,43.76006098,12.4131,0
200,Romania,18 May 2022,523177,25.3,45.8667,52.8667,32.3,38.8667,18.3,0
201,Republic of Moldova,18 May 2022,466406,28.4646,47.1976,49.01963843,31.68530313,45.04427345,25.06811563,0
202,Slovakia,18 May 2022,429705,19.4864,48.7062,55.7062,26.4864,41.7062,12.4864,0
203,Russian Federation,17 May 2022,863086,38.15560781,51.48885014,59.0670551,36.95829774,54.99876939,31.66952631,0
204,Poland,17 May 2022,3396792,19.4013,52.1224,55.46950578,26.4013,48.02154912,12.4013,0
205,Hungary,17 May 2022,615256,19.4131,47.1672,54.1672,26.58888125,43.76006098,12.4131,0
206,Romania,17 May 2022,517773,25.3,45.8667,52.8667,32.3,38.8667,18.3,0
207,Republic of Moldova,17 May 2022,465435,28.4646,47.1976,49.01963843,31.68530313,45.04427345,25.06811563,0
208,Slovakia,17 May 2022,426605,19.4864,48.7062,55.7062,26.4864,41.7062,12.4864,0
209,Poland,16 May 2022,3376992,19.4013,52.1224,55.46950578,26.4013,48.02154912,12.4013,0
210,Russian Federation,16 May 2022,850534,38.15560781,51.48885014,59.0670551,36.95829774,54.99876939,31.66952631,0
211,Hungary,16 May 2022,610076,19.4131,47.1672,54.1672,26.58888125,43.76006098,12.4131,0
212,Romania,16 May 2022,513613,25.3,45.8667,52.8667,32.3,38.8667,18.3,0
213,Republic of Moldova,16 May 2022,464294,28.4646,47.1976,49.01963843,31.68530313,45.04427345,25.06811563,0
214,Slovakia,16 May 2022,424027,19.4864,48.7062,55.7062,26.4864,41.7062,12.4864,0
215,Poland,15 May 2022,3357984,19.4013,52.1224,55.46950578,26.4013,48.02154912,12.4013,0
216,Russian Federation,15 May 2022,838434,38.15560781,51.48885014,59.0670551,36.95829774,54.99876939,31.66952631,0
217,Hungary,15 May 2022,605628,19.4131,47.1672,54.1672,26.58888125,43.76006098,12.4131,0
218,Romania,15 May 2022,509457,25.3,45.8667,52.8667,32.3,38.8667,18.3,0
219,Republic of Moldova,15 May 2022,463348,28.4646,47.1976,49.01963843,31.68530313,45.04427345,25.06811563,0
220,Slovakia,15 May 2022,421662,19.4864,48.7062,55.7062,26.4864,41.7062,12.4864,0
221,Poland,13 May 2022,3315711,19.4013,52.1224,55.46950578,26.4013,48.02154912,12.4013,0
222,Hungary,13 May 2022,594664,19.4131,47.1672,54.1672,26.58888125,43.76006098,12.4131,0
223,Republic of Moldova,13 May 2022,461742,28.4646,47.1976,49.01963843,31.68530313,45.04427345,25.06811563,0
224,Slovakia,13 May 2022,415402,19.4864,48.7062,55.7062,26.4864,41.7062,12.4864,0
225,Poland,12 May 2022,3294723,19.4013,52.1224,55.46950578,26.4013,48.02154912,12.4013,0
226,Russian Federation,12 May 2022,800104,38.15560781,51.48885014,59.0670551,36.95829774,54.99876939,31.66952631,0
227,Hungary,12 May 2022,588736,19.4131,47.1672,54.1672,26.58888125,43.76006098,12.4131,0
228,Romania,12 May 2022,496241,25.3,45.8667,52.8667,32.3,38.8667,18.3,0
229,Republic of Moldova,12 May 2022,460782,28.4646,47.1976,49.01963843,31.68530313,45.04427345,25.06811563,0
230,Slovakia,12 May 2022,412345,19.4864,48.7062,55.7062,26.4864,41.7062,12.4864,0
231,Belarus,12 May 2022,27308,28.0463,53.5384,57.83893355,33.72794063,48.49689395,21.0463,0
232,Poland,11 May 2022,3272943,19.4013,52.1224,55.46950578,26.4013,48.02154912,12.4013,0
233,Russian Federation,11 May 2022,785348,38.15560781,51.48885014,59.0670551,36.95829774,54.99876939,31.66952631,0
234,Hungary,11 May 2022,583066,19.4131,47.1672,54.1672,26.58888125,43.76006098,12.4131,0
235,Romania,11 May 2022,491967,25.3,45.8667,52.8667,32.3,38.8667,18.3,0
236,Republic of Moldova,11 May 2022,459546,28.4646,47.1976,49.01963843,31.68530313,45.04427345,25.06811563,0
237,Slovakia,11 May 2022,409527,19.4864,48.7062,55.7062,26.4864,41.7062,12.4864,0
238,Belarus,11 May 2022,27308,28.0463,53.5384,57.83893355,33.72794063,48.49689395,21.0463,0
239,Russian Federation,10 May 2022,772121,38.15560781,51.48885014,59.0670551,36.95829774,54.99876939,31.66952631,0
240,Slovakia,10 May 2022,406833,19.4864,48.7062,55.7062,26.4864,41.7062,12.4864,0
241,Poland,10 May 2022,3251955,19.4013,52.1224,55.46950578,26.4013,48.02154912,12.4013,0
242,Hungary,10 May 2022,577820,19.4131,47.1672,54.1672,26.58888125,43.76006098,12.4131,0
243,Romania,10 May 2022,487279,25.3,45.8667,52.8667,32.3,38.8667,18.3,0
244,Republic of Moldova,10 May 2022,458242,28.4646,47.1976,49.01963843,31.68530313,45.04427345,25.06811563,0
245,Belarus,10 May 2022,27108,28.0463,53.5384,57.83893355,33.72794063,48.49689395,21.0463,0
246,Poland,09 May 2022,3234036,19.4013,52.1224,55.46950578,26.4013,48.02154912,12.4013,0
247,Hungary,09 May 2022,572760,19.4131,47.1672,54.1672,26.58888125,43.76006098,12.4131,0
248,Romania,09 May 2022,482975,25.3,45.8667,52.8667,32.3,38.8667,18.3,0
249,Republic of Moldova,09 May 2022,457066,28.4646,47.1976,49.01963843,31.68530313,45.04427345,25.06811563,0
250,Slovakia,09 May 2022,404463,19.4864,48.7062,55.7062,26.4864,41.7062,12.4864,0
251,Belarus,09 May 2022,26985,28.0463,53.5384,57.83893355,33.72794063,48.49689395,21.0463,0
252,Poland,08 May 2022,3217206,19.4013,52.1224,55.46950578,26.4013,48.02154912,12.4013,0
253,Hungary,08 May 2022,568630,19.4131,47.1672,54.1672,26.58888125,43.76006098,12.4131,0
254,Romania,08 May 2022,480064,25.3,45.8667,52.8667,32.3,38.8667,18.3,0
255,Republic of Moldova,08 May 2022,456947,28.4646,47.1976,49.01963843,31.68530313,45.04427345,25.06811563,0
256,Slovakia,08 May 2022,402332,19.4864,48.7062,55.7062,26.4864,41.7062,12.4864,0
257,Poland,06 May 2022,3167805,19.4013,52.1224,55.46950578,26.4013,48.02154912,12.4013,0
258,Russian Federation,06 May 2022,739418,38.15560781,51.48885014,59.0670551,36.95829774,54.99876939,31.66952631,0
259,Hungary,06 May 2022,557001,19.4131,47.1672,54.1672,26.58888125,43.76006098,12.4131,0
260,Republic of Moldova,06 May 2022,453848,28.4646,47.1976,49.01963843,31.68530313,45.04427345,25.06811563,0
261,Belarus,06 May 2022,26278,28.0463,53.5384,57.83893355,33.72794063,48.49689395,21.0463,0
262,Poland,05 May 2022,3143550,19.4013,52.1224,55.46950578,26.4013,48.02154912,12.4013,0
263,Russian Federation,05 May 2022,727712,38.15560781,51.48885014,59.0670551,36.95829774,54.99876939,31.66952631,0
264,Hungary,05 May 2022,551010,19.4131,47.1672,54.1672,26.58888125,43.76006098,12.4131,0
265,Romania,05 May 2022,465217,25.3,45.8667,52.8667,32.3,38.8667,18.3,0
266,Republic of Moldova,05 May 2022,452038,28.4646,47.1976,49.01963843,31.68530313,45.04427345,25.06811563,0
267,Slovakia,05 May 2022,391592,19.4864,48.7062,55.7062,26.4864,41.7062,12.4864,0
268,Belarus,05 May 2022,26149,28.0463,53.5384,57.83893355,33.72794063,48.49689395,21.0463,0
269,Poland,04 May 2022,3119196,19.4013,52.1224,55.46950578,26.4013,48.02154912,12.4013,0
270,Russian Federation,04 May 2022,714713,38.15560781,51.48885014,59.0670551,36.95829774,54.99876939,31.66952631,0
271,Hungary,04 May 2022,545311,19.4131,47.1672,54.1672,26.58888125,43.76006098,12.4131,0
272,Romania,04 May 2022,463816,25.3,45.8667,52.8667,32.3,38.8667,18.3,0
273,Republic of Moldova,04 May 2022,450797,28.4646,47.1976,49.01963843,31.68530313,45.04427345,25.06811563,0
274,Slovakia,04 May 2022,388282,19.4864,48.7062,55.7062,26.4864,41.7062,12.4864,0
275,Poland,03 May 2022,3094446,19.4013,52.1224,55.46950578,26.4013,48.02154912,12.4013,0
276,Russian Federation,03 May 2022,703523,38.15560781,51.48885014,59.0670551,36.95829774,54.99876939,31.66952631,0
277,Romania,03 May 2022,458654,25.3,45.8667,52.8667,32.3,38.8667,18.3,0
278,Republic of Moldova,03 May 2022,449605,28.4646,47.1976,49.01963843,31.68530313,45.04427345,25.06811563,0
279,Slovakia,03 May 2022,385284,19.4864,48.7062,55.7062,26.4864,41.7062,12.4864,0
280,Belarus,03 May 2022,25852,28.0463,53.5384,57.83893355,33.72794063,48.49689395,21.0463,0
281,Poland,02 May 2022,3075240,19.4013,52.1224,55.46950578,26.4013,48.02154912,12.4013,0
282,Hungary,02 May 2022,539821,19.4131,47.1672,54.1672,26.58888125,43.76006098,12.4131,0
283,Romania,02 May 2022,451070,25.3,45.8667,52.8667,32.3,38.8667,18.3,0
284,Republic of Moldova,02 May 2022,448170,28.4646,47.1976,49.01963843,31.68530313,45.04427345,25.06811563,0
285,Slovakia,02 May 2022,382024,19.4864,48.7062,55.7062,26.4864,41.7062,12.4864,0
286,Poland,01 May 2022,3056826,19.4013,52.1224,55.46950578,26.4013,48.02154912,12.4013,0
287,Russian Federation,30 April 2022,681156,38.15560781,51.48885014,59.0670551,36.95829774,54.99876939,31.66952631,0
288,Hungary,01 May 2022,530157,19.4131,47.1672,54.1672,26.58888125,43.76006098,12.4131,0
289,Republic of Moldova,01 May 2022,447604,28.4646,47.1976,49.01963843,31.68530313,45.04427345,25.06811563,0
290,Romania,30 April 2022,443767,25.3,45.8667,52.8667,32.3,38.8667,18.3,0
291,Slovakia,01 May 2022,379447,19.4864,48.7062,55.7062,26.4864,41.7062,12.4864,0
292,Poland,29 April 2022,3014157,19.4013,52.1224,55.46950578,26.4013,48.02154912,12.4013,0
293,Hungary,29 April 2022,519979,19.4131,47.1672,54.1672,26.58888125,43.76006098,12.4131,0
294,Republic of Moldova,29 April 2022,443559,28.4646,47.1976,49.01963843,31.68530313,45.04427345,25.06811563,0
295,Romania,29 April 2022,437633,25.3,45.8667,52.8667,32.3,38.8667,18.3,0
296,Slovakia,29 April 2022,371918,19.4864,48.7062,55.7062,26.4864,41.7062,12.4864,0
297,Poland,28 April 2022,2992575,19.4013,52.1224,55.46950578,26.4013,48.02154912,12.4013,0
298,Russian Federation,28 April 2022,656381,38.15560781,51.48885014,59.0670551,36.95829774,54.99876939,31.66952631,0
299,Hungary,28 April 2022,513848,19.4131,47.1672,54.1672,26.58888125,43.76006098,12.4131,0
300,Republic of Moldova,28 April 2022,441437,28.4646,47.1976,49.01963843,31.68530313,45.04427345,25.06811563,0
301,Romania,28 April 2022,432592,25.3,45.8667,52.8667,32.3,38.8667,18.3,0
302,Slovakia,28 April 2022,367904,19.4864,48.7062,55.7062,26.4864,41.7062,12.4864,0
303,Belarus,28 April 2022,25002,28.0463,53.5384,57.83893355,33.72794063,48.49689395,21.0463,0
304,Poland,27 April 2022,2968716,19.4013,52.1224,55.46950578,26.4013,48.02154912,12.4013,0
305,Russian Federation,27 April 2022,641752,38.15560781,51.48885014,59.0670551,36.95829774,54.99876939,31.66952631,0
306,Hungary,27 April 2022,507849,19.4131,47.1672,54.1672,26.58888125,43.76006098,12.4131,0
307,Republic of Moldova,27 April 2022,439290,28.4646,47.1976,49.01963843,31.68530313,45.04427345,25.06811563,0
308,Romania,27 April 2022,426450,25.3,45.8667,52.8667,32.3,38.8667,18.3,0
309,Slovakia,27 April 2022,363940,19.4864,48.7062,55.7062,26.4864,41.7062,12.4864,0
310,Belarus,27 April 2022,24857,28.0463,53.5384,57.83893355,33.72794063,48.49689395,21.0463,0
311,Poland,26 April 2022,2944164,19.4013,52.1224,55.46950578,26.4013,48.02154912,12.4013,0
312,Russian Federation,26 April 2022,627512,38.15560781,51.48885014,59.0670551,36.95829774,54.99876939,31.66952631,0
313,Hungary,26 April 2022,502142,19.4131,47.1672,54.1672,26.58888125,43.76006098,12.4131,0
314,Republic of Moldova,26 April 2022,437362,28.4646,47.1976,49.01963843,31.68530313,45.04427345,25.06811563,0
315,Romania,26 April 2022,420862,25.3,45.8667,52.8667,32.3,38.8667,18.3,0
316,Slovakia,26 April 2022,360458,19.4864,48.7062,55.7062,26.4864,41.7062,12.4864,0
317,Belarus,26 April 2022,24719,28.0463,53.5384,57.83893355,33.72794063,48.49689395,21.0463,0
318,Poland,25 April 2022,2922978,19.4013,52.1224,55.46950578,26.4013,48.02154912,12.4013,0
319,Russian Federation,25 April 2022,614318,38.15560781,51.48885014,59.0670551,36.95829774,54.99876939,31.66952631,0
320,Hungary,25 April 2022,496914,19.4131,47.1672,54.1672,26.58888125,43.76006098,12.4131,0
321,Republic of Moldova,25 April 2022,435275,28.4646,47.1976,49.01963843,31.68530313,45.04427345,25.06811563,0
322,Romania,25 April 2022,413144,25.3,45.8667,52.8667,32.3,38.8667,18.3,0
323,Slovakia,25 April 2022,357560,19.4864,48.7062,55.7062,26.4864,41.7062,12.4864,0
324,Belarus,25 April 2022,24578,28.0463,53.5384,57.83893355,33.72794063,48.49689395,21.0463,0
325,Poland,24 April 2022,2909415,19.4013,52.1224,55.46950578,26.4013,48.02154912,12.4013,0
326,Russian Federation,24 April 2022,605815,38.15560781,51.48885014,59.0670551,36.95829774,54.99876939,31.66952631,0
327,Hungary,24 April 2022,492976,19.4131,47.1672,54.1672,26.58888125,43.76006098,12.4131,0
328,Republic of Moldova,24 April 2022,433895,28.4646,47.1976,49.01963843,31.68530313,45.04427345,25.06811563,0
329,Romania,23 April 2022,409843,25.3,45.8667,52.8667,32.3,38.8667,18.3,0
330,Slovakia,24 April 2022,355593,19.4864,48.7062,55.7062,26.4864,41.7062,12.4864,0
331,Belarus,24 April 2022,24477,28.0463,53.5384,57.83893355,33.72794063,48.49689395,21.0463,0
332,Poland,23 April 2022,2899713,19.4013,52.1224,55.46950578,26.4013,48.02154912,12.4013,0
333,Hungary,23 April 2022,489754,19.4131,47.1672,54.1672,26.58888125,43.76006098,12.4131,0
334,Republic of Moldova,23 April 2022,433214,28.4646,47.1976,49.01963843,31.68530313,45.04427345,25.06811563,0
335,Slovakia,23 April 2022,354329,19.4864,48.7062,55.7062,26.4864,41.7062,12.4864,0
336,Belarus,21 April 2022,24084,28.0463,53.5384,57.83893355,33.72794063,48.49689395,21.0463,0
337,Poland,22 April 2022,2884764,19.4013,52.1224,55.46950578,26.4013,48.02154912,12.4013,0
338,Hungary,22 April 2022,485618,19.4131,47.1672,54.1672,26.58888125,43.76006098,12.4131,0
339,Republic of Moldova,22 April 2022,431468,28.4646,47.1976,49.01963843,31.68530313,45.04427345,25.06811563,0
340,Romania,22 April 2022,407395,25.3,45.8667,52.8667,32.3,38.8667,18.3,0
341,Slovakia,22 April 2022,352286,19.4864,48.7062,55.7062,26.4864,41.7062,12.4864,0
342,Poland,21 April 2022,2867241,19.4013,52.1224,55.46950578,26.4013,48.02154912,12.4013,0
343,Russian Federation,21 April 2022,578255,38.15560781,51.48885014,59.0670551,36.95829774,54.99876939,31.66952631,0
344,Hungary,21 April 2022,480974,19.4131,47.1672,54.1672,26.58888125,43.76006098,12.4131,0
345,Republic of Moldova,21 April 2022,430170,28.4646,47.1976,49.01963843,31.68530313,45.04427345,25.06811563,0
346,Romania,21 April 2022,403921,25.3,45.8667,52.8667,32.3,38.8667,18.3,0
347,Slovakia,21 April 2022,349286,19.4864,48.7062,55.7062,26.4864,41.7062,12.4864,0
348,Poland,20 April 2022,2847540,19.4013,52.1224,55.46950578,26.4013,48.02154912,12.4013,0
349,Russian Federation,20 April 2022,563266,38.15560781,51.48885014,59.0670551,36.95829774,54.99876939,31.66952631,0
350,Hungary,20 April 2022,476213,19.4131,47.1672,54.1672,26.58888125,43.76006098,12.4131,0
351,Republic of Moldova,20 April 2022,428577,28.4646,47.1976,49.01963843,31.68530313,45.04427345,25.06811563,0
352,Romania,20 April 2022,399689,25.3,45.8667,52.8667,32.3,38.8667,18.3,0
353,Slovakia,20 April 2022,346175,19.4864,48.7062,55.7062,26.4864,41.7062,12.4864,0
354,Belarus,20 April 2022,23900,28.0463,53.5384,57.83893355,33.72794063,48.49689395,21.0463,0
355,Poland,19 April 2022,2825463,19.4013,52.1224,55.46950578,26.4013,48.02154912,12.4013,0
356,Russian Federation,19 April 2022,549805,38.15560781,51.48885014,59.0670551,36.95829774,54.99876939,31.66952631,0
357,Hungary,19 April 2022,471080,19.4131,47.1672,54.1672,26.58888125,43.76006098,12.4131,0
358,Republic of Moldova,19 April 2022,426964,28.4646,47.1976,49.01963843,31.68530313,45.04427345,25.06811563,0
359,Romania,19 April 2022,394555,25.3,45.8667,52.8667,32.3,38.8667,18.3,0
360,Slovakia,19 April 2022,342813,19.4864,48.7062,55.7062,26.4864,41.7062,12.4864,0
361,Belarus,19 April 2022,23759,28.0463,53.5384,57.83893355,33.72794063,48.49689395,21.0463,0
362,Poland,18 April 2022,2800713,19.4013,52.1224,55.46950578,26.4013,48.02154912,12.4013,0
363,Russian Federation,18 April 2022,535842,38.15560781,51.48885014,59.0670551,36.95829774,54.99876939,31.66952631,0
364,Hungary,18 April 2022,465598,19.4131,47.1672,54.1672,26.58888125,43.76006098,12.4131,0
365,Republic of Moldova,18 April 2022,425227,28.4646,47.1976,49.01963843,31.68530313,45.04427345,25.06811563,0
366,Romania,18 April 2022,389920,25.3,45.8667,52.8667,32.3,38.8667,18.3,0
367,Slovakia,18 April 2022,339680,19.4864,48.7062,55.7062,26.4864,41.7062,12.4864,0
368,Belarus,18 April 2022,23609,28.0463,53.5384,57.83893355,33.72794063,48.49689395,21.0463,0
369,Poland,17 April 2022,2780913,19.4013,52.1224,55.46950578,26.4013,48.02154912,12.4013,0
370,Russian Federation,17 April 2022,522404,38.15560781,51.48885014,59.0670551,36.95829774,54.99876939,31.66952631,0
371,Hungary,17 April 2022,461539,19.4131,47.1672,54.1672,26.58888125,43.76006098,12.4131,0
372,Republic of Moldova,17 April 2022,423852,28.4646,47.1976,49.01963843,31.68530313,45.04427345,25.06811563,0
373,Romania,17 April 2022,384927,25.3,45.8667,52.8667,32.3,38.8667,18.3,0
374,Slovakia,17 April 2022,337311,19.4864,48.7062,55.7062,26.4864,41.7062,12.4864,0
375,Belarus,17 April 2022,23469,28.0463,53.5384,57.83893355,33.72794063,48.49689395,21.0463,0
376,Poland,16 April 2022,2763786,19.4013,52.1224,55.46950578,26.4013,48.02154912,12.4013,0
377,Hungary,16 April 2022,458654,19.4131,47.1672,54.1672,26.58888125,43.76006098,12.4131,0
378,Republic of Moldova,16 April 2022,422550,28.4646,47.1976,49.01963843,31.68530313,45.04427345,25.06811563,0
379,Romania,16 April 2022,381234,25.3,45.8667,52.8667,32.3,38.8667,18.3,0
380,Slovakia,16 April 2022,335243,19.4864,48.7062,55.7062,26.4864,41.7062,12.4864,0
381,Poland,15 April 2022,2744778,19.4013,52.1224,55.46950578,26.4013,48.02154912,12.4013,0
382,Hungary,15 April 2022,454098,19.4131,47.1672,54.1672,26.58888125,43.76006098,12.4131,0
383,Republic of Moldova,15 April 2022,421130,28.4646,47.1976,49.01963843,31.68530313,45.04427345,25.06811563,0
384,Romania,15 April 2022,376180,25.3,45.8667,52.8667,32.3,38.8667,18.3,0
385,Slovakia,15 April 2022,332707,19.4864,48.7062,55.7062,26.4864,41.7062,12.4864,0
386,Poland,14 April 2022,2720622,19.4013,52.1224,55.46950578,26.4013,48.02154912,12.4013,0
387,Russian Federation,14 April 2022,484725,38.15560781,51.48885014,59.0670551,36.95829774,54.99876939,31.66952631,0
388,Hungary,14 April 2022,447053,19.4131,47.1672,54.1672,26.58888125,43.76006098,12.4131,0
389,Republic of Moldova,14 April 2022,419499,28.4646,47.1976,49.01963843,31.68530313,45.04427345,25.06811563,0
390,Romania,14 April 2022,371922,25.3,45.8667,52.8667,32.3,38.8667,18.3,0
391,Slovakia,14 April 2022,329597,19.4864,48.7062,55.7062,26.4864,41.7062,12.4864,0
392,Belarus,14 April 2022,22827,28.0463,53.5384,57.83893355,33.72794063,48.49689395,21.0463,0
393,Poland,13 April 2022,2694090,19.4013,52.1224,55.46950578,26.4013,48.02154912,12.4013,0
394,Russian Federation,13 April 2022,471014,38.15560781,51.48885014,59.0670551,36.95829774,54.99876939,31.66952631,0
395,Hungary,13 April 2022,440387,19.4131,47.1672,54.1672,26.58888125,43.76006098,12.4131,0
396,Republic of Moldova,13 April 2022,417650,28.4646,47.1976,49.01963843,31.68530313,45.04427345,25.06811563,0
397,Romania,13 April 2022,364658,25.3,45.8667,52.8667,32.3,38.8667,18.3,0
398,Slovakia,13 April 2022,326244,19.4864,48.7062,55.7062,26.4864,41.7062,12.4864,0
399,Belarus,13 April 2022,22428,28.0463,53.5384,57.83893355,33.72794063,48.49689395,21.0463,0
400,Poland,12 April 2022,2669637,19.4013,52.1224,55.46950578,26.4013,48.02154912,12.4013,0
401,Hungary,12 April 2022,434342,19.4131,47.1672,54.1672,26.58888125,43.76006098,12.4131,0
402,Republic of Moldova,12 April 2022,415850,28.4646,47.1976,49.01963843,31.68530313,45.04427345,25.06811563,0
403,Romania,12 April 2022,358725,25.3,45.8667,52.8667,32.3,38.8667,18.3,0
404,Slovakia,12 April 2022,323020,19.4864,48.7062,55.7062,26.4864,41.7062,12.4864,0
405,Belarus,12 April 2022,21852,28.0463,53.5384,57.83893355,33.72794063,48.49689395,21.0463,0
406,Poland,11 April 2022,2645877,19.4013,52.1224,55.46950578,26.4013,48.02154912,12.4013,0
407,Russian Federation,11 April 2022,433083,38.15560781,51.48885014,59.0670551,36.95829774,54.99876939,31.66952631,0
408,Hungary,11 April 2022,428954,19.4131,47.1672,54.1672,26.58888125,43.76006098,12.4131,0
409,Republic of Moldova,11 April 2022,413374,28.4646,47.1976,49.01963843,31.68530313,45.04427345,25.06811563,0
410,Romania,11 April 2022,353004,25.3,45.8667,52.8667,32.3,38.8667,18.3,0
411,Slovakia,11 April 2022,320246,19.4864,48.7062,55.7062,26.4864,41.7062,12.4864,0
412,Belarus,11 April 2022,21292,28.0463,53.5384,57.83893355,33.72794063,48.49689395,21.0463,0
413,Poland,10 April 2022,2622117,19.4013,52.1224,55.46950578,26.4013,48.02154912,12.4013,0
414,Hungary,10 April 2022,424367,19.4131,47.1672,54.1672,26.58888125,43.76006098,12.4131,0
415,Republic of Moldova,10 April 2022,411365,28.4646,47.1976,49.01963843,31.68530313,45.04427345,25.06811563,0
416,Romania,10 April 2022,346948,25.3,45.8667,52.8667,32.3,38.8667,18.3,0
417,Slovakia,10 April 2022,317781,19.4864,48.7062,55.7062,26.4864,41.7062,12.4864,0
418,Belarus,10 April 2022,20739,28.0463,53.5384,57.83893355,33.72794063,48.49689395,21.0463,0
419,Poland,09 April 2022,2593902,19.4013,52.1224,55.46950578,26.4013,48.02154912,12.4013,0
420,Hungary,09 April 2022,419101,19.4131,47.1672,54.1672,26.58888125,43.76006098,12.4131,0
421,Republic of Moldova,09 April 2022,410882,28.4646,47.1976,49.01963843,31.68530313,45.04427345,25.06811563,0
422,Russian Federation,09 April 2022,404418,38.15560781,51.48885014,59.0670551,36.95829774,54.99876939,31.66952631,0
423,Romania,09 April 2022,342070,25.3,45.8667,52.8667,32.3,38.8667,18.3,0
424,Slovakia,09 April 2022,314485,19.4864,48.7062,55.7062,26.4864,41.7062,12.4864,0
425,Poland,08 April 2022,2564994,19.4013,52.1224,55.46950578,26.4013,48.02154912,12.4013,0
426,Hungary,08 April 2022,413888,19.4131,47.1672,54.1672,26.58888125,43.76006098,12.4131,0
427,Republic of Moldova,08 April 2022,406611,28.4646,47.1976,49.01963843,31.68530313,45.04427345,25.06811563,0
428,Russian Federation,08 April 2022,389845,38.15560781,51.48885014,59.0670551,36.95829774,54.99876939,31.66952631,0
429,Romania,08 April 2022,336240,25.3,45.8667,52.8667,32.3,38.8667,18.3,0
430,Slovakia,08 April 2022,310989,19.4864,48.7062,55.7062,26.4864,41.7062,12.4864,0
431,Poland,07 April 2022,2537769,19.4013,52.1224,55.46950578,26.4013,48.02154912,12.4013,0
432,Hungary,07 April 2022,408652,19.4131,47.1672,54.1672,26.58888125,43.76006098,12.4131,0
433,Republic of Moldova,07 April 2022,404257,28.4646,47.1976,49.01963843,31.68530313,45.04427345,25.06811563,0
434,Russian Federation,07 April 2022,373589,38.15560781,51.48885014,59.0670551,36.95829774,54.99876939,31.66952631,0
435,Romania,07 April 2022,331181,25.3,45.8667,52.8667,32.3,38.8667,18.3,0
436,Slovakia,07 April 2022,307772,19.4864,48.7062,55.7062,26.4864,41.7062,12.4864,0
437,Belarus,07 April 2022,19096,28.0463,53.5384,57.83893355,33.72794063,48.49689395,21.0463,0
438,Poland,06 April 2022,2514504,19.4013,52.1224,55.46950578,26.4013,48.02154912,12.4013,0
439,Hungary,06 April 2022,404021,19.4131,47.1672,54.1672,26.58888125,43.76006098,12.4131,0
440,Republic of Moldova,06 April 2022,401704,28.4646,47.1976,49.01963843,31.68530313,45.04427345,25.06811563,0
441,Romania,06 April 2022,325590,25.3,45.8667,52.8667,32.3,38.8667,18.3,0
442,Slovakia,06 April 2022,304983,19.4864,48.7062,55.7062,26.4864,41.7062,12.4864,0
443,Belarus,06 April 2022,18060,28.0463,53.5384,57.83893355,33.72794063,48.49689395,21.0463,0
444,Poland,05 April 2022,2490447,19.4013,52.1224,55.46950578,26.4013,48.02154912,12.4013,0
445,Republic of Moldova,05 April 2022,399039,28.4646,47.1976,49.01963843,31.68530313,45.04427345,25.06811563,0
446,Hungary,05 April 2022,398932,19.4131,47.1672,54.1672,26.58888125,43.76006098,12.4131,0
447,Romania,05 April 2022,320005,25.3,45.8667,52.8667,32.3,38.8667,18.3,0
448,Slovakia,05 April 2022,302417,19.4864,48.7062,55.7062,26.4864,41.7062,12.4864,0
449,Belarus,05 April 2022,17317,28.0463,53.5384,57.83893355,33.72794063,48.49689395,21.0463,0
450,Poland,04 April 2022,2469657,19.4013,52.1224,55.46950578,26.4013,48.02154912,12.4013,0
451,Republic of Moldova,04 April 2022,396448,28.4646,47.1976,49.01963843,31.68530313,45.04427345,25.06811563,0
452,Hungary,04 April 2022,394728,19.4131,47.1672,54.1672,26.58888125,43.76006098,12.4131,0
453,Romania,04 April 2022,315451,25.3,45.8667,52.8667,32.3,38.8667,18.3,0
454,Belarus,04 April 2022,16274,28.0463,53.5384,57.83893355,33.72794063,48.49689395,21.0463,0
455,Poland,03 April 2022,2451342,19.4013,52.1224,55.46950578,26.4013,48.02154912,12.4013,0
456,Republic of Moldova,03 April 2022,394740,28.4646,47.1976,49.01963843,31.68530313,45.04427345,25.06811563,0
457,Hungary,03 April 2022,390302,19.4131,47.1672,54.1672,26.58888125,43.76006098,12.4131,0
458,Romania,03 April 2022,311345,25.3,45.8667,52.8667,32.3,38.8667,18.3,0
459,Slovakia,03 April 2022,301405,19.4864,48.7062,55.7062,26.4864,41.7062,12.4864,0
460,Belarus,03 April 2022,15281,28.0463,53.5384,57.83893355,33.72794063,48.49689395,21.0463,0
461,Poland,02 April 2022,2429265,19.4013,52.1224,55.46950578,26.4013,48.02154912,12.4013,0
462,Republic of Moldova,02 April 2022,392933,28.4646,47.1976,49.01963843,31.68530313,45.04427345,25.06811563,0
463,Hungary,02 April 2022,385783,19.4131,47.1672,54.1672,26.58888125,43.76006098,12.4131,0
464,Romania,02 April 2022,306859,25.3,45.8667,52.8667,32.3,38.8667,18.3,0
465,Slovakia,02 April 2022,298183,19.4864,48.7062,55.7062,26.4864,41.7062,12.4864,0
466,Poland,01 April 2022,2405703,19.4013,52.1224,55.46950578,26.4013,48.02154912,12.4013,0
467,Republic of Moldova,01 April 2022,391592,28.4646,47.1976,49.01963843,31.68530313,45.04427345,25.06811563,0
468,Hungary,01 April 2022,379988,19.4131,47.1672,54.1672,26.58888125,43.76006098,12.4131,0
469,Romania,01 April 2022,302296,25.3,45.8667,52.8667,32.3,38.8667,18.3,0
470,Slovakia,01 April 2022,294885,19.4864,48.7062,55.7062,26.4864,41.7062,12.4864,0
471,Poland,31 March 2022,2384814,19.4013,52.1224,55.46950578,26.4013,48.02154912,12.4013,0
472,Republic of Moldova,31 March 2022,390187,28.4646,47.1976,49.01963843,31.68530313,45.04427345,25.06811563,0
473,Hungary,31 March 2022,374535,19.4131,47.1672,54.1672,26.58888125,43.76006098,12.4131,0
474,Romania,31 March 2022,297923,25.3,45.8667,52.8667,32.3,38.8667,18.3,0
475,Slovakia,31 March 2022,292039,19.4864,48.7062,55.7062,26.4864,41.7062,12.4864,0
476,Belarus,31 March 2022,12746,28.0463,53.5384,57.83893355,33.72794063,48.49689395,21.0463,0
477,Poland,30 March 2022,2362044,19.4013,52.1224,55.46950578,26.4013,48.02154912,12.4013,0
478,Republic of Moldova,30 March 2022,388837,28.4646,47.1976,49.01963843,31.68530313,45.04427345,25.06811563,0
479,Hungary,30 March 2022,368807,19.4131,47.1672,54.1672,26.58888125,43.76006098,12.4131,0
480,Romania,30 March 2022,293140,25.3,45.8667,52.8667,32.3,38.8667,18.3,0
481,Slovakia,30 March 2022,283824,19.4864,48.7062,55.7062,26.4864,41.7062,12.4864,0
482,Belarus,30 March 2022,11821,28.0463,53.5384,57.83893355,33.72794063,48.49689395,21.0463,0
483,Poland,29 March 2022,2336799,19.4013,52.1224,55.46950578,26.4013,48.02154912,12.4013,0
484,Republic of Moldova,29 March 2022,387151,28.4646,47.1976,49.01963843,31.68530313,45.04427345,25.06811563,0
485,Hungary,29 March 2022,364804,19.4131,47.1672,54.1672,26.58888125,43.76006098,12.4131,0
486,Russian Federation,29 March 2022,350632,38.15560781,51.48885014,59.0670551,36.95829774,54.99876939,31.66952631,0
487,Romania,29 March 2022,287827,25.3,45.8667,52.8667,32.3,38.8667,18.3,0
488,Slovakia,29 March 2022,281172,19.4864,48.7062,55.7062,26.4864,41.7062,12.4864,0
489,Belarus,29 March 2022,10902,28.0463,53.5384,57.83893355,33.72794063,48.49689395,21.0463,0
490,Poland,28 March 2022,2314623,19.4013,52.1224,55.46950578,26.4013,48.02154912,12.4013,0
491,Republic of Moldova,28 March 2022,385222,28.4646,47.1976,49.01963843,31.68530313,45.04427345,25.06811563,0
492,Hungary,28 March 2022,359197,19.4131,47.1672,54.1672,26.58888125,43.76006098,12.4131,0
493,Romania,28 March 2022,283304,25.3,45.8667,52.8667,32.3,38.8667,18.3,0
494,Slovakia,28 March 2022,278238,19.4864,48.7062,55.7062,26.4864,41.7062,12.4864,0
495,Belarus,28 March 2022,9875,28.0463,53.5384,57.83893355,33.72794063,48.49689395,21.0463,0
496,Poland,27 March 2022,2293833,19.4013,52.1224,55.46950578,26.4013,48.02154912,12.4013,0
497,Republic of Moldova,27 March 2022,383627,28.4646,47.1976,49.01963843,31.68530313,45.04427345,25.06811563,0
498,Hungary,27 March 2022,354041,19.4131,47.1672,54.1672,26.58888125,43.76006098,12.4131,0
499,Romania,27 March 2022,278955,25.3,45.8667,52.8667,32.3,38.8667,18.3,0
500,Slovakia,27 March 2022,275439,19.4864,48.7062,55.7062,26.4864,41.7062,12.4864,0
501,Belarus,27 March 2022,9075,28.0463,53.5384,57.83893355,33.72794063,48.49689395,21.0463,0
502,Poland,26 March 2022,2267103,19.4013,52.1224,55.46950578,26.4013,48.02154912,12.4013,0
503,Republic of Moldova,26 March 2022,381395,28.4646,47.1976,49.01963843,31.68530313,45.04427345,25.06811563,0
504,Hungary,26 March 2022,349107,19.4131,47.1672,54.1672,26.58888125,43.76006098,12.4131,0
505,Romania,26 March 2022,273837,25.3,45.8667,52.8667,32.3,38.8667,18.3,0
506,Slovakia,26 March 2022,272012,19.4864,48.7062,55.7062,26.4864,41.7062,12.4864,0
507,Poland,25 March 2022,2236314,19.4013,52.1224,55.46950578,26.4013,48.02154912,12.4013,0
508,Republic of Moldova,25 March 2022,379204,28.4646,47.1976,49.01963843,31.68530313,45.04427345,25.06811563,0
509,Hungary,25 March 2022,342738,19.4131,47.1672,54.1672,26.58888125,43.76006098,12.4131,0
510,Romania,25 March 2022,269046,25.3,45.8667,52.8667,32.3,38.8667,18.3,0
511,Slovakia,25 March 2022,267702,19.4864,48.7062,55.7062,26.4864,41.7062,12.4864,0
512,Poland,24 March 2022,2206119,19.4013,52.1224,55.46950578,26.4013,48.02154912,12.4013,0
513,Republic of Moldova,24 March 2022,376748,28.4646,47.1976,49.01963843,31.68530313,45.04427345,25.06811563,0
514,Hungary,24 March 2022,336701,19.4131,47.1672,54.1672,26.58888125,43.76006098,12.4131,0
515,Romania,24 March 2022,264684,25.3,45.8667,52.8667,32.3,38.8667,18.3,0
516,Slovakia,24 March 2022,263959,19.4864,48.7062,55.7062,26.4864,41.7062,12.4864,0
517,Belarus,24 March 2022,6341,28.0463,53.5384,57.83893355,33.72794063,48.49689395,21.0463,0
518,Poland,23 March 2022,2173944,19.4013,52.1224,55.46950578,26.4013,48.02154912,12.4013,0
519,Republic of Moldova,23 March 2022,374059,28.4646,47.1976,49.01963843,31.68530313,45.04427345,25.06811563,0
520,Hungary,23 March 2022,330877,19.4131,47.1672,54.1672,26.58888125,43.76006098,12.4131,0
521,Slovakia,23 March 2022,260244,19.4864,48.7062,55.7062,26.4864,41.7062,12.4864,0
522,Romania,23 March 2022,259005,25.3,45.8667,52.8667,32.3,38.8667,18.3,0
523,Belarus,23 March 2022,5569,28.0463,53.5384,57.83893355,33.72794063,48.49689395,21.0463,0
524,Poland,22 March 2022,2144244,19.4013,52.1224,55.46950578,26.4013,48.02154912,12.4013,0
525,Republic of Moldova,22 March 2022,371104,28.4646,47.1976,49.01963843,31.68530313,45.04427345,25.06811563,0
526,Hungary,22 March 2022,324397,19.4131,47.1672,54.1672,26.58888125,43.76006098,12.4131,0
527,Russian Federation,22 March 2022,271254,38.15560781,51.48885014,59.0670551,36.95829774,54.99876939,31.66952631,0
528,Slovakia,22 March 2022,256838,19.4864,48.7062,55.7062,26.4864,41.7062,12.4864,0
529,Romania,22 March 2022,253771,25.3,45.8667,52.8667,32.3,38.8667,18.3,0
530,Belarus,22 March 2022,4938,28.0463,53.5384,57.83893355,33.72794063,48.49689395,21.0463,0
531,Poland,21 March 2022,2113554,19.4013,52.1224,55.46950578,26.4013,48.02154912,12.4013,0
532,Republic of Moldova,21 March 2022,367913,28.4646,47.1976,49.01963843,31.68530313,45.04427345,25.06811563,0
533,Hungary,21 March 2022,317863,19.4131,47.1672,54.1672,26.58888125,43.76006098,12.4131,0
534,Slovakia,21 March 2022,253592,19.4864,48.7062,55.7062,26.4864,41.7062,12.4864,0
535,Russian Federation,21 March 2022,252376,38.15560781,51.48885014,59.0670551,36.95829774,54.99876939,31.66952631,0
536,Romania,21 March 2022,247639,25.3,45.8667,52.8667,32.3,38.8667,18.3,0
537,Belarus,21 March 2022,4308,28.0463,53.5384,57.83893355,33.72794063,48.49689395,21.0463,0
538,Poland,20 March 2022,2083854,19.4013,52.1224,55.46950578,26.4013,48.02154912,12.4013,0
539,Republic of Moldova,20 March 2022,365197,28.4646,47.1976,49.01963843,31.68530313,45.04427345,25.06811563,0
540,Hungary,20 March 2022,312120,19.4131,47.1672,54.1672,26.58888125,43.76006098,12.4131,0
541,Slovakia,20 March 2022,250036,19.4864,48.7062,55.7062,26.4864,41.7062,12.4864,0
542,Romania,20 March 2022,242908,25.3,45.8667,52.8667,32.3,38.8667,18.3,0
543,Russian Federation,20 March 2022,231764,38.15560781,51.48885014,59.0670551,36.95829774,54.99876939,31.66952631,0
544,Belarus,20 March 2022,3765,28.0463,53.5384,57.83893355,33.72794063,48.49689395,21.0463,0
545,Poland,19 March 2022,2050392,19.4013,52.1224,55.46950578,26.4013,48.02154912,12.4013,0
546,Republic of Moldova,19 March 2022,362514,28.4646,47.1976,49.01963843,31.68530313,45.04427345,25.06811563,0
547,Hungary,19 March 2022,305518,19.4131,47.1672,54.1672,26.58888125,43.76006098,12.4131,0
548,Slovakia,19 March 2022,245569,19.4864,48.7062,55.7062,26.4864,41.7062,12.4864,0
549,Romania,19 March 2022,237940,25.3,45.8667,52.8667,32.3,38.8667,18.3,0
550,Republic of Moldova,18 March 2022,359056,28.4646,47.1976,54.1976,35.4646,40.1976,21.4646,0
551,Hungary,18 March 2022,299273,19.4131,47.1672,54.1672,26.58888125,43.76006098,12.4131,0
552,Slovakia,18 March 2022,240009,19.4864,48.7062,55.7062,26.4864,41.7062,12.4864,0
553,Romania,18 March 2022,232550,25.3,45.8667,52.8667,32.3,38.8667,18.3,0
554,Belarus,17 March 2022,2548,28.0463,53.5384,57.83893355,33.72794063,48.49689395,21.0463,0
555,Poland,18 March 2022,2010693,19.4013,52.1224,55.46950578,26.4013,48.02154912,12.4013,0
556,Republic of Moldova,17 March 2022,355426,28.4646,47.1976,54.1976,35.4646,40.1976,21.4646,0
557,Hungary,17 March 2022,291230,19.4131,47.1672,54.1672,26.58888125,43.76006098,12.4131,0
558,Slovakia,17 March 2022,234738,19.4864,48.7062,55.7062,26.4864,41.7062,12.4864,0
559,Romania,17 March 2022,227129,25.3,45.8667,52.8667,32.3,38.8667,18.3,0
560,Russian Federation,17 March 2022,184563,38.15560781,51.48885014,59.0670551,36.95829774,54.99876939,31.66952631,0
561,Poland,16 March 2022,1916445,19.4013,52.1224,55.46950578,26.4013,48.02154912,12.4013,0
562,Republic of Moldova,16 March 2022,350886,28.4646,47.1976,54.1976,35.4646,40.1976,21.4646,0
563,Hungary,16 March 2022,282611,19.4131,47.1672,54.1672,26.58888125,43.76006098,12.4131,0
564,Slovakia,16 March 2022,228844,19.4864,48.7062,55.7062,26.4864,41.7062,12.4864,0
565,Romania,16 March 2022,220126,25.3,45.8667,52.8667,32.3,38.8667,18.3,0
566,Russian Federation,16 March 2022,168858,38.15560781,51.48885014,59.0670551,36.95829774,54.99876939,31.66952631,0
567,Belarus,16 March 2022,2127,28.0463,53.5384,57.83893355,33.72794063,48.49689395,21.0463,0
568,Republic of Moldova,15 March 2022,344454,28.4646,47.1976,54.1976,35.4646,40.1976,21.4646,0
569,Slovakia,15 March 2022,220977,19.4864,48.7062,55.7062,26.4864,41.7062,12.4864,0
570,Russian Federation,15 March 2022,155841,38.15560781,51.48885014,59.0670551,36.95829774,54.99876939,31.66952631,0
571,Belarus,15 March 2022,1816,28.0463,53.5384,57.83893355,33.72794063,48.49689395,21.0463,0
572,Hungary,15 March 2022,272943,19.4131,47.1672,54.1672,26.58888125,43.76006098,12.4131,0
573,Romania,15 March 2022,210019,25.3,45.8667,52.8667,32.3,38.8667,18.3,0
574,Poland,15 March 2022,1857045,19.4013,52.1224,55.46950578,26.4013,48.02154912,12.4013,0
575,Republic of Moldova,14 March 2022,337215,28.4646,47.1976,54.1976,35.4646,40.1976,21.4646,0
576,Hungary,14 March 2022,263888,19.4131,47.1672,54.1672,26.58888125,43.76006098,12.4131,0
577,Slovakia,14 March 2022,213000,19.4864,48.7062,55.7062,26.4864,41.7062,12.4864,0
578,Romania,14 March 2022,202592,25.3,45.8667,52.8667,32.3,38.8667,18.3,0
579,Russian Federation,14 March 2022,142994,38.15560781,51.48885014,59.0670551,36.95829774,54.99876939,31.66952631,0
580,Belarus,14 March 2022,1475,28.0463,53.5384,57.83893355,33.72794063,48.49689395,21.0463,0
581,Romania,13 March 2022,181596,25.3,45.8667,52.8667,32.3,38.8667,18.3,0
582,Poland,13 March 2022,1720227,19.4013,52.1224,55.46950578,26.4013,48.02154912,12.4013,0
583,Hungary,13 March 2022,255291,19.4131,47.1672,54.1672,26.58888125,43.76006098,12.4131,0
584,Slovakia,13 March 2022,204862,19.4864,48.7062,55.7062,26.4864,41.7062,12.4864,0
585,Russian Federation,13 March 2022,131365,38.15560781,51.48885014,59.0670551,36.95829774,54.99876939,31.66952631,0
586,Republic of Moldova,13 March 2022,330217,28.4646,47.1976,54.1976,35.4646,40.1976,21.4646,0
587,Belarus,13 March 2022,1226,28.0463,53.5384,57.83893355,33.72794063,48.49689395,21.0463,0
588,Poland,12 March 2022,1655503,19.4013,52.1224,55.46950578,26.4013,48.02154912,12.4013,0
589,Hungary,12 March 2022,246206,19.4131,47.1672,54.1672,26.58888125,43.76006098,12.4131,0
590,Slovakia,12 March 2022,195980,19.4864,48.7062,55.7062,26.4864,41.7062,12.4864,0
591,Other European countries,11 March 2022,304156,12.99954151,49.28473481,51.31588972,19.8282511,47.36817543,14.69622253,0
592,Hungary,11 March 2022,235576,19.4131,47.1672,54.1672,26.58888125,43.76006098,12.4131,0
593,Slovakia,11 March 2022,185673,19.4864,48.7062,55.7062,26.4864,41.7062,12.4864,0
594,Belarus,11 March 2022,938,28.0463,53.5384,57.83893355,33.72794063,48.49689395,21.0463,0
595,Poland,11 March 2022,1575703,19.4013,52.1224,55.46950578,26.4013,48.02154912,12.4013,0
596,Other European countries,10 March 2022,282497,12.99954151,49.28473481,51.31588972,19.8282511,47.36817543,14.69622253,0
597,Hungary,10 March 2022,225046,19.4131,47.1672,54.1672,26.58888125,43.76006098,12.4131,0
598,Slovakia,10 March 2022,176092,19.4864,48.7062,55.7062,26.4864,41.7062,12.4864,0
599,Republic of Moldova,10 March 2022,104929,28.4646,47.1976,54.1976,35.4646,40.1976,21.4646,0
600,Russian Federation,10 March 2022,105897,38.15560781,51.48885014,59.0670551,36.95829774,54.99876939,31.66952631,0
601,Belarus,10 March 2022,858,28.0463,53.5384,57.83893355,33.72794063,48.49689395,21.0463,0
602,Other European countries,09 March 2022,258844,12.99954151,49.28473481,51.31588972,19.8282511,47.36817543,14.69622253,0
603,Slovakia,09 March 2022,165199,19.4864,48.7062,55.7062,26.4864,41.7062,12.4864,0
604,Russian Federation,09 March 2022,97098,38.15560781,51.48885014,59.0670551,36.95829774,54.99876939,31.66952631,0
605,Belarus,09 March 2022,765,28.0463,53.5384,57.83893355,33.72794063,48.49689395,21.0463,0
606,Other European countries,08 March 2022,235745,12.99954151,49.28473481,51.31588972,19.8282511,47.36817543,14.69622253,0
607,Hungary,08 March 2022,214160,19.4131,47.1672,54.1672,26.58888125,43.76006098,12.4131,0
608,Slovakia,08 March 2022,153303,19.4864,48.7062,55.7062,26.4864,41.7062,12.4864,0
609,Romania,08 March 2022,84671,25.3,45.8667,52.8667,32.3,38.8667,18.3,0
610,Belarus,08 March 2022,592,28.0463,53.5384,57.83893355,33.72794063,48.49689395,21.0463,0
611,Poland,08 March 2022,1412503,19.4013,52.1224,55.46950578,26.4013,48.02154912,12.4013,0
612,Other European countries,07 March 2022,210239,12.99954151,49.28473481,51.31588972,19.8282511,47.36817543,14.69622253,0
613,Hungary,07 March 2022,191348,19.4131,47.1672,54.1672,26.58888125,43.76006098,12.4131,0
614,Slovakia,07 March 2022,140745,19.4864,48.7062,55.7062,26.4864,41.7062,12.4864,0
615,Russian Federation,08 March 2022,99300,38.15560781,51.48885014,59.0670551,36.95829774,54.99876939,31.66952631,0
616,Belarus,07 March 2022,453,28.0463,53.5384,57.83893355,33.72794063,48.49689395,21.0463,0
617,Poland,06 March 2022,1027603,19.4013,52.1224,55.46950578,26.4013,48.02154912,12.4013,0
618,Other European countries,06 March 2022,183688,12.99954151,49.28473481,51.31588972,19.8282511,47.36817543,14.69622253,0
619,Hungary,06 March 2022,180163,19.4131,47.1672,54.1672,26.58888125,43.76006098,12.4131,0
620,Slovakia,06 March 2022,128169,19.4864,48.7062,55.7062,26.4864,41.7062,12.4864,0
621,Republic of Moldova,06 March 2022,82762,28.4646,47.1976,54.1976,35.4646,40.1976,21.4646,0
622,Romania,06 March 2022,82062,25.3,45.8667,52.8667,32.3,38.8667,18.3,0
623,Poland,05 March 2022,885303,19.4013,52.1224,55.46950578,26.4013,48.02154912,12.4013,0
624,Hungary,05 March 2022,169053,19.4131,47.1672,54.1672,26.58888125,43.76006098,12.4131,0
625,Other European countries,05 March 2022,157056,12.99954151,49.28473481,51.31588972,19.8282511,47.36817543,14.69622253,0
626,Slovakia,05 March 2022,113967,19.4864,48.7062,55.7062,26.4864,41.7062,12.4864,0
627,Republic of Moldova,05 March 2022,84067,28.4646,47.1976,54.1976,35.4646,40.1976,21.4646,0
628,Romania,05 March 2022,71640,25.3,45.8667,52.8667,32.3,38.8667,18.3,0
629,Poland,04 March 2022,756303,19.4013,52.1224,55.46950578,26.4013,48.02154912,12.4013,0
630,Hungary,04 March 2022,157004,19.4131,47.1672,54.1672,26.58888125,43.76006098,12.4131,0
631,Other European countries,04 March 2022,133876,12.99954151,49.28473481,51.31588972,19.8282511,47.36817543,14.69622253,0
632,Slovakia,04 March 2022,101529,19.4864,48.7062,55.7062,26.4864,41.7062,12.4864,0
633,Romania,04 March 2022,63192,25.3,45.8667,52.8667,32.3,38.8667,18.3,0
634,Belarus,04 March 2022,406,28.0463,53.5384,57.83893355,33.72794063,48.49689395,21.0463,0
635,Poland,03 March 2022,649903,19.4013,52.1224,55.46950578,26.4013,48.02154912,12.4013,0
636,Hungary,03 March 2022,144738,19.4131,47.1672,54.1672,26.58888125,43.76006098,12.4131,0
637,Other European countries,03 March 2022,110876,12.99954151,49.28473481,51.31588972,19.8282511,47.36817543,14.69622253,0
638,Republic of Moldova,03 March 2022,103254,28.4646,47.1976,54.1976,35.4646,40.1976,21.4646,0
639,Slovakia,03 March 2022,90329,19.4864,48.7062,55.7062,26.4864,41.7062,12.4864,0
640,Romania,03 March 2022,57192,25.3,45.8667,52.8667,32.3,38.8667,18.3,0
641,Russian Federation,03 March 2022,53300,38.15560781,51.48885014,59.0670551,36.95829774,54.99876939,31.66952631,0
642,Belarus,03 March 2022,384,28.0463,53.5384,57.83893355,33.72794063,48.49689395,21.0463,0
643,Belarus,02 March 2022,374,28.0463,53.5384,57.83893355,33.72794063,48.49689395,21.0463,0
644,Poland,02 March 2022,547982,19.4013,52.1224,55.46950578,26.4013,48.02154912,12.4013,0
645,Hungary,02 March 2022,133009,19.4131,47.1672,54.1672,26.58888125,43.76006098,12.4131,0
646,Republic of Moldova,02 March 2022,97827,28.4646,47.1976,54.1976,35.4646,40.1976,21.4646,0
647,Other European countries,02 March 2022,88147,12.99954151,49.28473481,51.31588972,19.8282511,47.36817543,14.69622253,0
648,Slovakia,02 March 2022,79059,19.4864,48.7062,55.7062,26.4864,41.7062,12.4864,0
649,Romania,02 March 2022,51261,25.3,45.8667,52.8667,32.3,38.8667,18.3,0
650,Russian Federation,02 March 2022,47800,38.15560781,51.48885014,59.0670551,36.95829774,54.99876939,31.66952631,0
651,Poland,01 March 2022,453982,19.4013,52.1224,55.46950578,26.4013,48.02154912,12.4013,0
652,Hungary,01 March 2022,116348,19.4131,47.1672,54.1672,26.58888125,43.76006098,12.4131,0
653,Republic of Moldova,01 March 2022,79315,28.4646,47.1976,54.1976,35.4646,40.1976,21.4646,0
654,Other European countries,01 March 2022,69600,12.99954151,49.28473481,51.31588972,19.8282511,47.36817543,14.69622253,0
655,Slovakia,01 March 2022,67000,19.4864,48.7062,55.7062,26.4864,41.7062,12.4864,0
656,Romania,01 March 2022,44540,25.3,45.8667,52.8667,32.3,38.8667,18.3,0
657,Russian Federation,01 March 2022,42900,38.15560781,51.48885014,59.0670551,36.95829774,54.99876939,31.66952631,0
658,Belarus,01 March 2022,341,28.0463,53.5384,57.83893355,33.72794063,48.49689395,21.0463,0
